{
    "accuracy": 0.965,
    "precision": 0.9166666666666666,
    "recall": 0.8918918918918919,
    "f1_score": 0.9041095890410958,
    "timestamp": "2025-12-14T21:10:15.660127"
}